Title,Company,Location,Link
,,,https://www.linkedin.com/jobs/view/jr-backend-engineer-python-gcp-at-infosys-4271764017?position=1&pageNum=0&refId=CrYYQpHCUta0X5tWfZeFdw%3D%3D&trackingId=3fXCVSsZeZWp%2BHOcfc77NQ%3D%3D
,,,https://www.linkedin.com/jobs/view/software-engineer-python-at-selector-4138563925?position=2&pageNum=0&refId=CrYYQpHCUta0X5tWfZeFdw%3D%3D&trackingId=z82sW%2FTgUZXoar9SHEd1ZQ%3D%3D
,,,https://www.linkedin.com/jobs/view/python-developer-at-kforce-inc-4232976335?position=3&pageNum=0&refId=CrYYQpHCUta0X5tWfZeFdw%3D%3D&trackingId=xgUzYpbwMuq1Nxw%2BZOQC8Q%3D%3D
,,,https://www.linkedin.com/jobs/view/python-developer-at-ltimindtree-4285578826?position=4&pageNum=0&refId=CrYYQpHCUta0X5tWfZeFdw%3D%3D&trackingId=urF%2B7tXnlSinhEScRsMteg%3D%3D
,,,https://www.linkedin.com/jobs/view/software-engineer-python-at-paypal-4285030655?position=5&pageNum=0&refId=CrYYQpHCUta0X5tWfZeFdw%3D%3D&trackingId=VA7VpLT4Jx4gGmq5%2Be23ig%3D%3D
,,,https://www.linkedin.com/jobs/view/software-engineer-python-at-paypal-4285029662?position=6&pageNum=0&refId=CrYYQpHCUta0X5tWfZeFdw%3D%3D&trackingId=A2wEDPlg%2FozG0%2FeGb5jnww%3D%3D
,,,https://www.linkedin.com/jobs/view/python-developer-at-blackrock-4280985559?position=7&pageNum=0&refId=CrYYQpHCUta0X5tWfZeFdw%3D%3D&trackingId=kz4iB9MK8qnyvRYUP%2BidSQ%3D%3D
,,,https://www.linkedin.com/jobs/view/software-engineer-backend-python-at-paypal-4210778790?position=8&pageNum=0&refId=CrYYQpHCUta0X5tWfZeFdw%3D%3D&trackingId=ccd0RtoJ62Dnemuev7VP9w%3D%3D
,,,https://www.linkedin.com/jobs/view/python-developer-1-at-tap-growth-ai-4289703921?position=9&pageNum=0&refId=CrYYQpHCUta0X5tWfZeFdw%3D%3D&trackingId=m39rLnTj7lJds%2FrwWn9PAA%3D%3D
,,,https://www.linkedin.com/jobs/view/software-engineer-python-at-8am-4288634856?position=10&pageNum=0&refId=CrYYQpHCUta0X5tWfZeFdw%3D%3D&trackingId=rHwVtfX5SjrUiLX1bpgu%2FA%3D%3D
